<meta>
    <info description="Shader - Car Paint reflect" version="4" type="script" />
    <script src="c_car_reflect.lua" type="client" />
    <script src="c_switch.lua" type="client" />
    <file src="fx/car_refgrun.fx" type="client" />
    <file src="fx/car_refgene.fx" type="client" />
    <file src="fx/mta-helper.fx" type="client" />
    <file src="images/smallnoise3d.dds" type="client" />
    
    <export function="toggleShaderCarPaint" type="client" />
    <export function="toggleShaderCarPaintCMD" type="client" />
</meta>
