<meta>
    <min_mta_version client="1.3.5"></min_mta_version>
    <info author="Rage" name="Rage's GTA V Radar" type="script" version="2.0"></info>
    <script src="client.lua" type="client"></script>
        <file src="img/radar_cover.png" type="client"></file>
        <file src="img/radar_map.jpg" type="client"></file>
        <file src="img/player.png" type="client"></file>			

		<file src="img/blips/0.png" />		
		<file src="img/blips/1.png" />
		<file src="img/blips/2.png" />
		<file src="img/blips/3.png" />
		<file src="img/blips/4.png" />
		<file src="img/blips/5.png" />
		<file src="img/blips/6.png" />
		<file src="img/blips/7.png" />
		<file src="img/blips/8.png" />
		<file src="img/blips/9.png" />
		<file src="img/blips/10.png" />
		<file src="img/blips/11.png" />
		<file src="img/blips/12.png" />
		<file src="img/blips/13.png" />
		<file src="img/blips/14.png" />
		<file src="img/blips/15.png" />
		<file src="img/blips/16.png" />
		<file src="img/blips/17.png" />
		<file src="img/blips/18.png" />
		<file src="img/blips/19.png" />
		<file src="img/blips/20.png" />
		<file src="img/blips/21.png" />
		<file src="img/blips/22.png" />
		<file src="img/blips/23.png" />
		<file src="img/blips/24.png" />
		<file src="img/blips/25.png" />
		<file src="img/blips/26.png" />
		<file src="img/blips/27.png" />
		<file src="img/blips/28.png" />
		<file src="img/blips/29.png" />
		<file src="img/blips/30.png" />
		<file src="img/blips/31.png" />
		<file src="img/blips/32.png" />
		<file src="img/blips/33.png" />
		<file src="img/blips/34.png" />
		<file src="img/blips/35.png" />
		<file src="img/blips/36.png" />
		<file src="img/blips/37.png" />
		<file src="img/blips/38.png" />
		<file src="img/blips/39.png" />
		<file src="img/blips/40.png" />
		<file src="img/blips/41.png" />
		<file src="img/blips/42.png" />
		<file src="img/blips/43.png" />
		<file src="img/blips/44.png" />
		<file src="img/blips/45.png" />
		<file src="img/blips/46.png" />
		<file src="img/blips/47.png" />
		<file src="img/blips/48.png" />
		<file src="img/blips/49.png" />
		<file src="img/blips/50.png" />
		<file src="img/blips/51.png" />
		<file src="img/blips/52.png" />
		<file src="img/blips/53.png" />
		<file src="img/blips/54.png" />
		<file src="img/blips/55.png" />
		<file src="img/blips/56.png" />
		<file src="img/blips/57.png" />
		<file src="img/blips/58.png" />
		<file src="img/blips/59.png" />
		<file src="img/blips/60.png" />
		<file src="img/blips/61.png" />
		<file src="img/blips/62.png" />
		<file src="img/blips/63.png" />
		<file src="img/blips/64.png" />
</meta>
