<banks>
	<!-- Bank of Las Venturas interior -->
	<bank name="Bank of Las Venturas" blip="true">
		<location posX="361.8298" posY="173.6187" posZ="1008.3828" ATM="false" ATMRot="0.0" interior="3" dimension="0" />
		<entrance posX="2445.7126" posY="2375.8426" posZ="10.8203"/>
	</bank>
	<bank name="Bank of Las Venturas ATM #1" blip="false" depositAllowed="false" >
		<location posX="360.07577514648" posY="188.58430175781" posZ="1008.3828125" ATM="true" interior="3" dimension="0" ATMRot="0.0" markerSize="1" />
	</bank>
	<bank name="Bank of Las Venturas ATM #2" blip="false" depositAllowed="false">
		<location posX="364.07577514648" posY="188.58430175781" posZ="1008.3828125" ATM="true" interior="3" dimension="0" ATMRot="0.0" markerSize="1" />
	</bank>
	
	<!-- Bank of Los Santos interior -->
	<bank name="Bank of Los Santos" blip="true">
		<location posX="361.8298" posY="173.6187" posZ="1008.3828" ATM="false" ATMRot="0.0" interior="3" dimension="1" />
		<entrance posX="1465.4126" posY="-1012.8426" posZ="27.8203"/>
	</bank>
	<bank name="Bank of Los Santos ATM #1" blip="false" depositAllowed="false" >
		<location posX="360.07577514648" posY="188.58430175781" posZ="1008.3828125" ATM="true" interior="3" dimension="1" ATMRot="0.0" markerSize="1" />
	</bank>
	<bank name="Bank of Los Santos ATM #2" blip="false" depositAllowed="false">
		<location posX="364.07577514648" posY="188.58430175781" posZ="1008.3828125" ATM="true" interior="3" dimension="1" ATMRot="0.0" markerSize="1" />
	</bank>
	
	<!-- Bank of San Fierro interior -->
	<bank name="Bank of San Fierro" blip="true">
		<location posX="361.8298" posY="173.6187" posZ="1008.3828" ATM="false" ATMRot="0.0" interior="3" dimension="2" />
		<entrance posX="-2765.7126" posY="382.2426" posZ="6.8203"/>
	</bank>
	<bank name="Bank of San Fierro ATM #1" blip="false" depositAllowed="false" >
		<location posX="360.07577514648" posY="188.58430175781" posZ="1008.3828125" ATM="true" interior="3" dimension="2" ATMRot="0.0" markerSize="1" />
	</bank>
	<bank name="Bank of San Fierro ATM #2" blip="false" depositAllowed="false">
		<location posX="364.07577514648" posY="188.58430175781" posZ="1008.3828125" ATM="true" interior="3" dimension="2" ATMRot="0.0" markerSize="1" />
	</bank>

	<!-- Random atm machines -->
	<bank name="Bank of Las Venturas ATM #3">
		<location posX="2630.6667480469" posY="1655.393046875" posZ="11.0234375" ATM="true" interior="0" dimension="0" ATMRot="180.0" markerSize="1" />
	</bank>
	<bank name="Bank of Las Venturas ATM #4">
		<location posX="2103.4541015625" posY="944.8828125" posZ="10.8203125" ATM="true" interior="0" dimension="0" ATMRot="3.227294921875" markerSize="1" />
	</bank>
	<bank name="Bank of Las Venturas ATM #5">
		<location posX="1581.5927734375" posY="1778.5205078125" posZ="10.8203125" ATM="true" interior="0" dimension="0" ATMRot="90" markerSize="1" />
	</bank>
	<bank name="Fort Carson Bank">
		<location posX="-210.44140625" posY="1089.1591796875" posZ="19.7421875" ATM="true" interior="0" dimension="0" ATMRot="181.59854125977" markerSize="1" />
	</bank>
	<bank name="First bank of El Quebrados">
		<location posX="-1528.212890625" posY="2592.525390625" posZ="55.8359375" ATM="true" interior="0" dimension="0" ATMRot="180.65919494629" markerSize="1" />
	</bank>
	<bank name="Bank of San Fierro ATM #3">
		<location posX="-2302.06640625" posY="2335.1181640625" posZ="4.984375" ATM="true" interior="0" dimension="0" ATMRot="90" markerSize="1" />
	</bank>
	<bank name="Bank of San Fierro ATM #4">
		<location posX="-1977.677734375" posY="153.97265625" posZ="27.694049835205" ATM="true" interior="0" dimension="0" ATMRot="270" markerSize="1" />
	</bank>
	<bank name="Bank of San Fierro ATM #5">
		<location posX="-1438.2490234375" posY="-276.494140625" posZ="14.154438018799" ATM="true" interior="0" dimension="0" ATMRot="30" markerSize="1" />
	</bank>
	<bank name="Bank of Los Santos ATM #3">
		<location posX="1468.7041015625" posY="-1765.6474609375" posZ="18.795755386353" ATM="true" interior="0" dimension="0" ATMRot="270" markerSize="1" />
	</bank>
	<bank name="Bank of Los Santos ATM #4">
		<location posX="683.9638671875" posY="-1574.306640625" posZ="14.2421875" ATM="true" interior="0" dimension="0" ATMRot="267.62280273438" markerSize="1" />
	</bank>
	<bank name="First bank of Angel pine">
		<location posX="-2162.6640625" posY="-2416.1494140625" posZ="30.625" ATM="true" interior="0" dimension="0" ATMRot="305" markerSize="1" />
	</bank>
	<!--<bank name="Bank of Los Santos ATM #3">
		
	</bank>-->
	<!--<bank name="Bank of Los Santos ATM #3">
		
	</bank>-->
</banks>